feat0,feat1,feat2,feat3,depth,distance,MMAP
color,daisy,edge,gabor,None,d1,0.08213364429263238
color,daisy,edge,gabor,300,d1,0.10743189588855494
color,daisy,edge,gabor,200,d1,0.13271106182498071
color,daisy,edge,gabor,100,d1,0.18865044248791885
color,daisy,edge,gabor,50,d1,0.2359915524543074
color,daisy,edge,gabor,30,d1,0.27205857430637576
color,daisy,edge,gabor,10,d1,0.31219109788359783
color,daisy,edge,gabor,5,d1,0.30896666666666667
color,daisy,edge,gabor,3,d1,0.303
color,daisy,edge,gabor,1,d1,0.26
color,daisy,edge,hog,None,d1,0.08169952814921506
color,daisy,edge,hog,300,d1,0.10701952642407479
color,daisy,edge,hog,200,d1,0.1326835760768637
color,daisy,edge,hog,100,d1,0.18888069279097328
color,daisy,edge,hog,50,d1,0.2354018498635685
color,daisy,edge,hog,30,d1,0.2699674210169022
color,daisy,edge,hog,10,d1,0.3135880952380952
color,daisy,edge,hog,5,d1,0.30693888888888887
color,daisy,edge,hog,3,d1,0.301
color,daisy,edge,hog,1,d1,0.258
color,daisy,edge,vgg,None,d1,0.08296602501056344
color,daisy,edge,vgg,300,d1,0.10881144442329978
color,daisy,edge,vgg,200,d1,0.1344648200293688
color,daisy,edge,vgg,100,d1,0.19244495141663706
color,daisy,edge,vgg,50,d1,0.23683505833810475
color,daisy,edge,vgg,30,d1,0.2721812829270237
color,daisy,edge,vgg,10,d1,0.3189111904761905
color,daisy,edge,vgg,5,d1,0.31926388888888885
color,daisy,edge,vgg,3,d1,0.3088333333333333
color,daisy,edge,vgg,1,d1,0.264
color,daisy,edge,res,None,d1,0.0884349740843999
color,daisy,edge,res,300,d1,0.11021893165779978
color,daisy,edge,res,200,d1,0.14417180292863216
color,daisy,edge,res,100,d1,0.19245246573763886
color,daisy,edge,res,50,d1,0.24514492576060365
color,daisy,edge,res,30,d1,0.27464978390196326
color,daisy,edge,res,10,d1,0.31950463440073473
color,daisy,edge,res,5,d1,0.3183811682355026
color,daisy,edge,res,3,d1,0.3047440231480479
color,daisy,edge,res,1,d1,0.26681677575950025
color,daisy,gabor,hog,None,d1,0.1855637948707216
color,daisy,gabor,hog,300,d1,0.21241970459483117
color,daisy,gabor,hog,200,d1,0.2433623755471817
color,daisy,gabor,hog,100,d1,0.297882074946408
color,daisy,gabor,hog,50,d1,0.3506950629882173
color,daisy,gabor,hog,30,d1,0.395869013281903
color,daisy,gabor,hog,10,d1,0.47591656368102797
color,daisy,gabor,hog,5,d1,0.5062249999999999
color,daisy,gabor,hog,3,d1,0.5103333333333332
color,daisy,gabor,hog,1,d1,0.466
color,daisy,gabor,vgg,None,d1,0.32099457527748965
color,daisy,gabor,vgg,300,d1,0.3523651986162574
color,daisy,gabor,vgg,200,d1,0.3956429776536396
color,daisy,gabor,vgg,100,d1,0.4676371661032161
color,daisy,gabor,vgg,50,d1,0.540184685302585
color,daisy,gabor,vgg,30,d1,0.5940873172329124
color,daisy,gabor,vgg,10,d1,0.7035526080246913
color,daisy,gabor,vgg,5,d1,0.7495999999999999
color,daisy,gabor,vgg,3,d1,0.7596666666666665
color,daisy,gabor,vgg,1,d1,0.7260000000000001
color,daisy,gabor,res,None,d1,0.2468742030301445
color,daisy,gabor,res,300,d1,0.26398421027592284
color,daisy,gabor,res,200,d1,0.2973376689197125
color,daisy,gabor,res,100,d1,0.3574967659769531
color,daisy,gabor,res,50,d1,0.41843558832757977
color,daisy,gabor,res,30,d1,0.46046069860307504
color,daisy,gabor,res,10,d1,0.5380912679996479
color,daisy,gabor,res,5,d1,0.5587691481343829
color,daisy,gabor,res,3,d1,0.5584886162169445
color,daisy,gabor,res,1,d1,0.5154777063321955
color,daisy,hog,vgg,None,d1,0.28644790048325847
color,daisy,hog,vgg,300,d1,0.3194634197960547
color,daisy,hog,vgg,200,d1,0.35645184743246294
color,daisy,hog,vgg,100,d1,0.42043692251072623
color,daisy,hog,vgg,50,d1,0.4881972555016352
color,daisy,hog,vgg,30,d1,0.5445430995219929
color,daisy,hog,vgg,10,d1,0.6573865353363567
color,daisy,hog,vgg,5,d1,0.7091944444444443
color,daisy,hog,vgg,3,d1,0.7188333333333332
color,daisy,hog,vgg,1,d1,0.6619999999999999
color,daisy,hog,res,None,d1,0.21446823194161918
color,daisy,hog,res,300,d1,0.23044172908227492
color,daisy,hog,res,200,d1,0.2584204383685297
color,daisy,hog,res,100,d1,0.31262933412925176
color,daisy,hog,res,50,d1,0.3704827812668758
color,daisy,hog,res,30,d1,0.4133516821525886
color,daisy,hog,res,10,d1,0.48505425252938317
color,daisy,hog,res,5,d1,0.5046380052660046
color,daisy,hog,res,3,d1,0.5005159156861942
color,daisy,hog,res,1,d1,0.4599299845321517
color,daisy,vgg,res,None,d1,0.35056586347060154
color,daisy,vgg,res,300,d1,0.3657277157126641
color,daisy,vgg,res,200,d1,0.40589105332597625
color,daisy,vgg,res,100,d1,0.47168578880819306
color,daisy,vgg,res,50,d1,0.536059899982048
color,daisy,vgg,res,30,d1,0.5862096065001963
color,daisy,vgg,res,10,d1,0.6846097384914615
color,daisy,vgg,res,5,d1,0.7258884152578683
color,daisy,vgg,res,3,d1,0.7357801713250629
color,daisy,vgg,res,1,d1,0.7051214286229767
color,edge,gabor,hog,None,d1,0.08200208183435485
color,edge,gabor,hog,300,d1,0.10722695466834496
color,edge,gabor,hog,200,d1,0.1329167861977082
color,edge,gabor,hog,100,d1,0.1899249149067112
color,edge,gabor,hog,50,d1,0.23555216630703657
color,edge,gabor,hog,30,d1,0.27003750399077325
color,edge,gabor,hog,10,d1,0.31438396825396825
color,edge,gabor,hog,5,d1,0.31452777777777774
color,edge,gabor,hog,3,d1,0.30516666666666664
color,edge,gabor,hog,1,d1,0.262
color,edge,gabor,vgg,None,d1,0.08270054634802769
color,edge,gabor,vgg,300,d1,0.10828143304789631
color,edge,gabor,vgg,200,d1,0.13404769844166167
color,edge,gabor,vgg,100,d1,0.19007597561846762
color,edge,gabor,vgg,50,d1,0.2348530683179208
color,edge,gabor,vgg,30,d1,0.2733771573499786
color,edge,gabor,vgg,10,d1,0.3185916402116402
color,edge,gabor,vgg,5,d1,0.31830833333333336
color,edge,gabor,vgg,3,d1,0.30750000000000005
color,edge,gabor,vgg,1,d1,0.264
color,edge,gabor,res,None,d1,0.08908507748679968
color,edge,gabor,res,300,d1,0.11157971908288772
color,edge,gabor,res,200,d1,0.1453910687467198
color,edge,gabor,res,100,d1,0.19466350596555965
color,edge,gabor,res,50,d1,0.25356916816845726
color,edge,gabor,res,30,d1,0.28394563341166995
color,edge,gabor,res,10,d1,0.32928827677291556
color,edge,gabor,res,5,d1,0.3278079343486464
color,edge,gabor,res,3,d1,0.32050118193926247
color,edge,gabor,res,1,d1,0.2811335659524514
color,edge,hog,vgg,None,d1,0.08294641265103518
color,edge,hog,vgg,300,d1,0.10878645011725518
color,edge,hog,vgg,200,d1,0.1354922703753307
color,edge,hog,vgg,100,d1,0.1896114800726698
color,edge,hog,vgg,50,d1,0.2381729656591514
color,edge,hog,vgg,30,d1,0.27451016109895304
color,edge,hog,vgg,10,d1,0.31607424603174594
color,edge,hog,vgg,5,d1,0.31597222222222227
color,edge,hog,vgg,3,d1,0.3015
color,edge,hog,vgg,1,d1,0.258
color,edge,hog,res,None,d1,0.08910599350274863
color,edge,hog,res,300,d1,0.11130150079751475
color,edge,hog,res,200,d1,0.14524259649079657
color,edge,hog,res,100,d1,0.19328969717577213
color,edge,hog,res,50,d1,0.25046859511725544
color,edge,hog,res,30,d1,0.2765135842000749
color,edge,hog,res,10,d1,0.3261128722842345
color,edge,hog,res,5,d1,0.3237269015470253
color,edge,hog,res,3,d1,0.3124663680546033
color,edge,hog,res,1,d1,0.2778664833618394
color,edge,vgg,res,None,d1,0.0899431729219025
color,edge,vgg,res,300,d1,0.1126683771247664
color,edge,vgg,res,200,d1,0.1464440450581615
color,edge,vgg,res,100,d1,0.19720182555748958
color,edge,vgg,res,50,d1,0.25712763128022803
color,edge,vgg,res,30,d1,0.28679116970755764
color,edge,vgg,res,10,d1,0.3382014483901223
color,edge,vgg,res,5,d1,0.3368357000584555
color,edge,vgg,res,3,d1,0.32498699225324607
color,edge,vgg,res,1,d1,0.2925107589349075
color,gabor,hog,vgg,None,d1,0.3053097969171358
color,gabor,hog,vgg,300,d1,0.3380514522250159
color,gabor,hog,vgg,200,d1,0.3738845490305726
color,gabor,hog,vgg,100,d1,0.4425742069545211
color,gabor,hog,vgg,50,d1,0.5139036098390469
color,gabor,hog,vgg,30,d1,0.5648041509472163
color,gabor,hog,vgg,10,d1,0.6783187644872762
color,gabor,hog,vgg,5,d1,0.7239749999999999
color,gabor,hog,vgg,3,d1,0.741
color,gabor,hog,vgg,1,d1,0.694
color,gabor,hog,res,None,d1,0.22927246341827215
color,gabor,hog,res,300,d1,0.2462743361700756
color,gabor,hog,res,200,d1,0.2747052540436248
color,gabor,hog,res,100,d1,0.33015482532704854
color,gabor,hog,res,50,d1,0.38707897829451704
color,gabor,hog,res,30,d1,0.43627895796165
color,gabor,hog,res,10,d1,0.51546568488389
color,gabor,hog,res,5,d1,0.5403481377072837
color,gabor,hog,res,3,d1,0.5385838066302463
color,gabor,hog,res,1,d1,0.4869901611975916
color,gabor,vgg,res,None,d1,0.36237646075321706
color,gabor,vgg,res,300,d1,0.3784426274571975
color,gabor,vgg,res,200,d1,0.4145643204505341
color,gabor,vgg,res,100,d1,0.4847575445133154
color,gabor,vgg,res,50,d1,0.5536592756865928
color,gabor,vgg,res,30,d1,0.5987437497666854
color,gabor,vgg,res,10,d1,0.6942013750778263
color,gabor,vgg,res,5,d1,0.7297449841469256
color,gabor,vgg,res,3,d1,0.742314012355034
color,gabor,vgg,res,1,d1,0.6989859863218996
color,hog,vgg,res,None,d1,0.3321715733395956
color,hog,vgg,res,300,d1,0.3510155651302805
color,hog,vgg,res,200,d1,0.3844861395023305
color,hog,vgg,res,100,d1,0.45346766416387135
color,hog,vgg,res,50,d1,0.5151903045164242
color,hog,vgg,res,30,d1,0.5662765843591102
color,hog,vgg,res,10,d1,0.6726139569897621
color,hog,vgg,res,5,d1,0.7140832028826675
color,hog,vgg,res,3,d1,0.7283242546926758
color,hog,vgg,res,1,d1,0.689671895184279
daisy,edge,gabor,hog,None,d1,0.07822799391751956
daisy,edge,gabor,hog,300,d1,0.10122601189801635
daisy,edge,gabor,hog,200,d1,0.1233379071109367
daisy,edge,gabor,hog,100,d1,0.17277150454643375
daisy,edge,gabor,hog,50,d1,0.21903797136994413
daisy,edge,gabor,hog,30,d1,0.2500168530261319
daisy,edge,gabor,hog,10,d1,0.28980527777777776
daisy,edge,gabor,hog,5,d1,0.2899527777777778
daisy,edge,gabor,hog,3,d1,0.2781666666666667
daisy,edge,gabor,hog,1,d1,0.23399999999999999
daisy,edge,gabor,vgg,None,d1,0.07837261558282392
daisy,edge,gabor,vgg,300,d1,0.10096514209889959
daisy,edge,gabor,vgg,200,d1,0.12592135284014877
daisy,edge,gabor,vgg,100,d1,0.17767572179387403
daisy,edge,gabor,vgg,50,d1,0.22410618944129834
daisy,edge,gabor,vgg,30,d1,0.2520110622698946
daisy,edge,gabor,vgg,10,d1,0.2932462103174603
daisy,edge,gabor,vgg,5,d1,0.29365277777777776
daisy,edge,gabor,vgg,3,d1,0.2811666666666667
daisy,edge,gabor,vgg,1,d1,0.242
daisy,edge,gabor,res,None,d1,0.08411293565910918
daisy,edge,gabor,res,300,d1,0.10382693182558167
daisy,edge,gabor,res,200,d1,0.13341527651369964
daisy,edge,gabor,res,100,d1,0.1799730066297601
daisy,edge,gabor,res,50,d1,0.22545794927386154
daisy,edge,gabor,res,30,d1,0.25878366659214586
daisy,edge,gabor,res,10,d1,0.29422545677528905
daisy,edge,gabor,res,5,d1,0.29325773995812693
daisy,edge,gabor,res,3,d1,0.28410057609515815
daisy,edge,gabor,res,1,d1,0.23434779805677639
daisy,edge,hog,vgg,None,d1,0.07832720954996397
daisy,edge,hog,vgg,300,d1,0.10089038133872177
daisy,edge,hog,vgg,200,d1,0.12355460384594612
daisy,edge,hog,vgg,100,d1,0.17371987843632397
daisy,edge,hog,vgg,50,d1,0.22040777544292017
daisy,edge,hog,vgg,30,d1,0.2521462807326476
daisy,edge,hog,vgg,10,d1,0.29011202380952383
daisy,edge,hog,vgg,5,d1,0.2902
daisy,edge,hog,vgg,3,d1,0.2811666666666666
daisy,edge,hog,vgg,1,d1,0.242
daisy,edge,hog,res,None,d1,0.08373180925865804
daisy,edge,hog,res,300,d1,0.10309970181382719
daisy,edge,hog,res,200,d1,0.13266495789839128
daisy,edge,hog,res,100,d1,0.18041847108369222
daisy,edge,hog,res,50,d1,0.2319714715790404
daisy,edge,hog,res,30,d1,0.2613712014253878
daisy,edge,hog,res,10,d1,0.29890598152420905
daisy,edge,hog,res,5,d1,0.29843383158808856
daisy,edge,hog,res,3,d1,0.29299349813126896
daisy,edge,hog,res,1,d1,0.2449805809945129
daisy,edge,vgg,res,None,d1,0.08538829095458374
daisy,edge,vgg,res,300,d1,0.10601539535859966
daisy,edge,vgg,res,200,d1,0.13866966265847996
daisy,edge,vgg,res,100,d1,0.18374028236269063
daisy,edge,vgg,res,50,d1,0.23665279861796001
daisy,edge,vgg,res,30,d1,0.26460198215225
daisy,edge,vgg,res,10,d1,0.3099903252606813
daisy,edge,vgg,res,5,d1,0.31094332024399746
daisy,edge,vgg,res,3,d1,0.3029196048762612
daisy,edge,vgg,res,1,d1,0.2585106807537148
daisy,gabor,hog,vgg,None,d1,0.45764713660183715
daisy,gabor,hog,vgg,300,d1,0.5110323957921866
daisy,gabor,hog,vgg,200,d1,0.5470494416913182
daisy,gabor,hog,vgg,100,d1,0.6076815654873602
daisy,gabor,hog,vgg,50,d1,0.6753918239782208
daisy,gabor,hog,vgg,30,d1,0.7253335989703977
daisy,gabor,hog,vgg,10,d1,0.8372828486394558
daisy,gabor,hog,vgg,5,d1,0.8816388888888889
daisy,gabor,hog,vgg,3,d1,0.8983333333333333
daisy,gabor,hog,vgg,1,d1,0.88
daisy,gabor,hog,res,None,d1,0.30796426958939077
daisy,gabor,hog,res,300,d1,0.34804486306151927
daisy,gabor,hog,res,200,d1,0.39490954567331715
daisy,gabor,hog,res,100,d1,0.46256222589442125
daisy,gabor,hog,res,50,d1,0.5374572611144621
daisy,gabor,hog,res,30,d1,0.5894032805347047
daisy,gabor,hog,res,10,d1,0.6961049107648591
daisy,gabor,hog,res,5,d1,0.7361272368106991
daisy,gabor,hog,res,3,d1,0.7486638739943693
daisy,gabor,hog,res,1,d1,0.7207685728444243
daisy,gabor,vgg,res,None,d1,0.5924866901555532
daisy,gabor,vgg,res,300,d1,0.6095595563083511
daisy,gabor,vgg,res,200,d1,0.6309098830444444
daisy,gabor,vgg,res,100,d1,0.6792898921745733
daisy,gabor,vgg,res,50,d1,0.7376609641118579
daisy,gabor,vgg,res,30,d1,0.7822535448971166
daisy,gabor,vgg,res,10,d1,0.8768329494992687
daisy,gabor,vgg,res,5,d1,0.9065001300363723
daisy,gabor,vgg,res,3,d1,0.910277160447052
daisy,gabor,vgg,res,1,d1,0.902016675447016
daisy,hog,vgg,res,None,d1,0.5217105856788113
daisy,hog,vgg,res,300,d1,0.5610880301203176
daisy,hog,vgg,res,200,d1,0.598249297217891
daisy,hog,vgg,res,100,d1,0.6491367393226541
daisy,hog,vgg,res,50,d1,0.7108090005849026
daisy,hog,vgg,res,30,d1,0.7517229065619914
daisy,hog,vgg,res,10,d1,0.8398329121186925
daisy,hog,vgg,res,5,d1,0.8749071108200366
daisy,hog,vgg,res,3,d1,0.8933330321352766
daisy,hog,vgg,res,1,d1,0.8826161928886388
edge,gabor,hog,vgg,None,d1,0.0794031353070274
edge,gabor,hog,vgg,300,d1,0.10275746072281601
edge,gabor,hog,vgg,200,d1,0.12741461471464954
edge,gabor,hog,vgg,100,d1,0.1774083661200457
edge,gabor,hog,vgg,50,d1,0.22389209568264382
edge,gabor,hog,vgg,30,d1,0.2529131657365922
edge,gabor,hog,vgg,10,d1,0.29116257936507933
edge,gabor,hog,vgg,5,d1,0.2897472222222222
edge,gabor,hog,vgg,3,d1,0.2811666666666667
edge,gabor,hog,vgg,1,d1,0.24
edge,gabor,hog,res,None,d1,0.0846027841289526
edge,gabor,hog,res,300,d1,0.1045017115887975
edge,gabor,hog,res,200,d1,0.1344598114165067
edge,gabor,hog,res,100,d1,0.18241756034052156
edge,gabor,hog,res,50,d1,0.2323734142131723
edge,gabor,hog,res,30,d1,0.2638602353093979
edge,gabor,hog,res,10,d1,0.30595271697161536
edge,gabor,hog,res,5,d1,0.30153605651791926
edge,gabor,hog,res,3,d1,0.2974769575969266
edge,gabor,hog,res,1,d1,0.2579179734953729
edge,gabor,vgg,res,None,d1,0.08572540930802275
edge,gabor,vgg,res,300,d1,0.1061845770651988
edge,gabor,vgg,res,200,d1,0.13517587427237088
edge,gabor,vgg,res,100,d1,0.18310274054275816
edge,gabor,vgg,res,50,d1,0.23612446876143536
edge,gabor,vgg,res,30,d1,0.26274325206629046
edge,gabor,vgg,res,10,d1,0.3083136816509752
edge,gabor,vgg,res,5,d1,0.3037119594839667
edge,gabor,vgg,res,3,d1,0.2969203764644941
edge,gabor,vgg,res,1,d1,0.2660555411221046
edge,hog,vgg,res,None,d1,0.0855983878629546
edge,hog,vgg,res,300,d1,0.10638870116297089
edge,hog,vgg,res,200,d1,0.13705940961626092
edge,hog,vgg,res,100,d1,0.18410041377516226
edge,hog,vgg,res,50,d1,0.23466671938050696
edge,hog,vgg,res,30,d1,0.260151385879133
edge,hog,vgg,res,10,d1,0.30653933712629533
edge,hog,vgg,res,5,d1,0.3062117397547222
edge,hog,vgg,res,3,d1,0.29088762856796907
edge,hog,vgg,res,1,d1,0.25809754005884034
gabor,hog,vgg,res,None,d1,0.5226435013808023
gabor,hog,vgg,res,300,d1,0.5553678786958663
gabor,hog,vgg,res,200,d1,0.5879844791460836
gabor,hog,vgg,res,100,d1,0.6411768431289653
gabor,hog,vgg,res,50,d1,0.7072652110138502
gabor,hog,vgg,res,30,d1,0.7488389372288722
gabor,hog,vgg,res,10,d1,0.8441206042791402
gabor,hog,vgg,res,5,d1,0.8748606484438334
gabor,hog,vgg,res,3,d1,0.8844380414047596
gabor,hog,vgg,res,1,d1,0.8640147762454263