feat0,feat1,feat2,feat3,feat4,depth,distance,MMAP
color,daisy,edge,gabor,hog,None,d1,0.08059412221163048
color,daisy,edge,gabor,hog,300,d1,0.10451285423337582
color,daisy,edge,gabor,hog,200,d1,0.12932103885715826
color,daisy,edge,gabor,hog,100,d1,0.18119073515224215
color,daisy,edge,gabor,hog,50,d1,0.22842698856060967
color,daisy,edge,gabor,hog,30,d1,0.26095158480022124
color,daisy,edge,gabor,hog,10,d1,0.301787037037037
color,daisy,edge,gabor,hog,5,d1,0.30597499999999994
color,daisy,edge,gabor,hog,3,d1,0.294
color,daisy,edge,gabor,hog,1,d1,0.26
color,daisy,edge,gabor,vgg,None,d1,0.08085579079422323
color,daisy,edge,gabor,vgg,300,d1,0.10500623075474874
color,daisy,edge,gabor,vgg,200,d1,0.12881316779649887
color,daisy,edge,gabor,vgg,100,d1,0.18322431457601546
color,daisy,edge,gabor,vgg,50,d1,0.23068610640324938
color,daisy,edge,gabor,vgg,30,d1,0.2606693495260847
color,daisy,edge,gabor,vgg,10,d1,0.3060374338624338
color,daisy,edge,gabor,vgg,5,d1,0.30538055555555554
color,daisy,edge,gabor,vgg,3,d1,0.2968333333333333
color,daisy,edge,gabor,vgg,1,d1,0.254
color,daisy,edge,gabor,res,None,d1,0.08591617376154666
color,daisy,edge,gabor,res,300,d1,0.10584429946115538
color,daisy,edge,gabor,res,200,d1,0.1366152244508541
color,daisy,edge,gabor,res,100,d1,0.18408712112897366
color,daisy,edge,gabor,res,50,d1,0.2350418308580655
color,daisy,edge,gabor,res,30,d1,0.26596780300791806
color,daisy,edge,gabor,res,10,d1,0.31032743847283323
color,daisy,edge,gabor,res,5,d1,0.311025580451922
color,daisy,edge,gabor,res,3,d1,0.30354319450759076
color,daisy,edge,gabor,res,1,d1,0.2622298154202179
color,daisy,edge,hog,vgg,None,d1,0.08050215348147134
color,daisy,edge,hog,vgg,300,d1,0.10431194038693717
color,daisy,edge,hog,vgg,200,d1,0.12853981369098416
color,daisy,edge,hog,vgg,100,d1,0.1836168851821346
color,daisy,edge,hog,vgg,50,d1,0.23042681371187704
color,daisy,edge,hog,vgg,30,d1,0.2637289850304272
color,daisy,edge,hog,vgg,10,d1,0.3016581216931217
color,daisy,edge,hog,vgg,5,d1,0.3047138888888889
color,daisy,edge,hog,vgg,3,d1,0.29333333333333333
color,daisy,edge,hog,vgg,1,d1,0.252
color,daisy,edge,hog,res,None,d1,0.08699288793001546
color,daisy,edge,hog,res,300,d1,0.10770090303028051
color,daisy,edge,hog,res,200,d1,0.1392644372006624
color,daisy,edge,hog,res,100,d1,0.18900794963229747
color,daisy,edge,hog,res,50,d1,0.24039222972029303
color,daisy,edge,hog,res,30,d1,0.2748317777636383
color,daisy,edge,hog,res,10,d1,0.3185737827317162
color,daisy,edge,hog,res,5,d1,0.32056112638651335
color,daisy,edge,hog,res,3,d1,0.31116456379304674
color,daisy,edge,hog,res,1,d1,0.27560700840267405
color,daisy,edge,vgg,res,None,d1,0.08661077295740252
color,daisy,edge,vgg,res,300,d1,0.10678288849270955
color,daisy,edge,vgg,res,200,d1,0.1369997240801354
color,daisy,edge,vgg,res,100,d1,0.185920070235379
color,daisy,edge,vgg,res,50,d1,0.2367580406478214
color,daisy,edge,vgg,res,30,d1,0.26928927611773434
color,daisy,edge,vgg,res,10,d1,0.3102600375024395
color,daisy,edge,vgg,res,5,d1,0.31307281237663076
color,daisy,edge,vgg,res,3,d1,0.3074172628483774
color,daisy,edge,vgg,res,1,d1,0.26900174524477927
color,daisy,gabor,hog,vgg,None,d1,0.221510181413972
color,daisy,gabor,hog,vgg,300,d1,0.2553131926371017
color,daisy,gabor,hog,vgg,200,d1,0.2993092463439392
color,daisy,gabor,hog,vgg,100,d1,0.36866850582790767
color,daisy,gabor,hog,vgg,50,d1,0.4374605069037706
color,daisy,gabor,hog,vgg,30,d1,0.48499193880437075
color,daisy,gabor,hog,vgg,10,d1,0.5850617740614764
color,daisy,gabor,hog,vgg,5,d1,0.6229583333333334
color,daisy,gabor,hog,vgg,3,d1,0.6303333333333334
color,daisy,gabor,hog,vgg,1,d1,0.5840000000000001
color,daisy,gabor,hog,res,None,d1,0.18678310849737415
color,daisy,gabor,hog,res,300,d1,0.20193717601546815
color,daisy,gabor,hog,res,200,d1,0.23093704514261393
color,daisy,gabor,hog,res,100,d1,0.28822790532029047
color,daisy,gabor,hog,res,50,d1,0.3484739394394948
color,daisy,gabor,hog,res,30,d1,0.3900568681384942
color,daisy,gabor,hog,res,10,d1,0.45818351457534356
color,daisy,gabor,hog,res,5,d1,0.4783559385632142
color,daisy,gabor,hog,res,3,d1,0.48241290554990246
color,daisy,gabor,hog,res,1,d1,0.4315562303193882
color,daisy,gabor,vgg,res,None,d1,0.2608393099408474
color,daisy,gabor,vgg,res,300,d1,0.28209969513462285
color,daisy,gabor,vgg,res,200,d1,0.3211757459867864
color,daisy,gabor,vgg,res,100,d1,0.40020504489751063
color,daisy,gabor,vgg,res,50,d1,0.46124869028789367
color,daisy,gabor,vgg,res,30,d1,0.5011538467310036
color,daisy,gabor,vgg,res,10,d1,0.595451893755562
color,daisy,gabor,vgg,res,5,d1,0.6273786310603454
color,daisy,gabor,vgg,res,3,d1,0.6384530245296499
color,daisy,gabor,vgg,res,1,d1,0.5957765232703314
color,daisy,hog,vgg,res,None,d1,0.23927735753475454
color,daisy,hog,vgg,res,300,d1,0.2586023193008516
color,daisy,hog,vgg,res,200,d1,0.2944947660327081
color,daisy,hog,vgg,res,100,d1,0.36279595408554727
color,daisy,hog,vgg,res,50,d1,0.42860375547471696
color,daisy,hog,vgg,res,30,d1,0.4723815681099057
color,daisy,hog,vgg,res,10,d1,0.5630067374494739
color,daisy,hog,vgg,res,5,d1,0.5868623878701278
color,daisy,hog,vgg,res,3,d1,0.5911330463482166
color,daisy,hog,vgg,res,1,d1,0.5436448047996035
color,edge,gabor,hog,vgg,None,d1,0.08089355709519715
color,edge,gabor,hog,vgg,300,d1,0.1048539323632633
color,edge,gabor,hog,vgg,200,d1,0.1295941105819953
color,edge,gabor,hog,vgg,100,d1,0.18358436191076521
color,edge,gabor,hog,vgg,50,d1,0.23076648544739364
color,edge,gabor,hog,vgg,30,d1,0.2615293634803803
color,edge,gabor,hog,vgg,10,d1,0.3086049338624339
color,edge,gabor,hog,vgg,5,d1,0.3103638888888889
color,edge,gabor,hog,vgg,3,d1,0.29966666666666664
color,edge,gabor,hog,vgg,1,d1,0.26
color,edge,gabor,hog,res,None,d1,0.08669622782217791
color,edge,gabor,hog,res,300,d1,0.10672936901067627
color,edge,gabor,hog,res,200,d1,0.13768789520722946
color,edge,gabor,hog,res,100,d1,0.18936033673324068
color,edge,gabor,hog,res,50,d1,0.23927797126198094
color,edge,gabor,hog,res,30,d1,0.2683566521546544
color,edge,gabor,hog,res,10,d1,0.31547947375933705
color,edge,gabor,hog,res,5,d1,0.3151700550261954
color,edge,gabor,hog,res,3,d1,0.30902699356027524
color,edge,gabor,hog,res,1,d1,0.27942279787635826
color,edge,gabor,vgg,res,None,d1,0.0861798390944074
color,edge,gabor,vgg,res,300,d1,0.1063011759171065
color,edge,gabor,vgg,res,200,d1,0.1367160565051982
color,edge,gabor,vgg,res,100,d1,0.18552482630528966
color,edge,gabor,vgg,res,50,d1,0.23655695392696155
color,edge,gabor,vgg,res,30,d1,0.2681359044539507
color,edge,gabor,vgg,res,10,d1,0.31247870808528705
color,edge,gabor,vgg,res,5,d1,0.3121714615258991
color,edge,gabor,vgg,res,3,d1,0.3038612772962618
color,edge,gabor,vgg,res,1,d1,0.27027367506934075
color,edge,hog,vgg,res,None,d1,0.0864521921835946
color,edge,hog,vgg,res,300,d1,0.10641374842489798
color,edge,hog,vgg,res,200,d1,0.13699090984070372
color,edge,hog,vgg,res,100,d1,0.1864603454739611
color,edge,hog,vgg,res,50,d1,0.23697766895188488
color,edge,hog,vgg,res,30,d1,0.2701596563579259
color,edge,hog,vgg,res,10,d1,0.31245853588133
color,edge,hog,vgg,res,5,d1,0.31087160551961895
color,edge,hog,vgg,res,3,d1,0.30719552795558985
color,edge,hog,vgg,res,1,d1,0.26844034173600734
color,gabor,hog,vgg,res,None,d1,0.24350081458137832
color,gabor,hog,vgg,res,300,d1,0.2640690799194117
color,gabor,hog,vgg,res,200,d1,0.30285858703079904
color,gabor,hog,vgg,res,100,d1,0.3718493837205529
color,gabor,hog,vgg,res,50,d1,0.436175033116399
color,gabor,hog,vgg,res,30,d1,0.47820228153947086
color,gabor,hog,vgg,res,10,d1,0.5729428911724854
color,gabor,hog,vgg,res,5,d1,0.5958308112681951
color,gabor,hog,vgg,res,3,d1,0.6057153094010679
color,gabor,hog,vgg,res,1,d1,0.5502099910753162
daisy,edge,gabor,hog,vgg,None,d1,0.07856030759214726
daisy,edge,gabor,hog,vgg,300,d1,0.10153994531302081
daisy,edge,gabor,hog,vgg,200,d1,0.12487528397159195
daisy,edge,gabor,hog,vgg,100,d1,0.17500446733353964
daisy,edge,gabor,hog,vgg,50,d1,0.22540485075849137
daisy,edge,gabor,hog,vgg,30,d1,0.2523016661149534
daisy,edge,gabor,hog,vgg,10,d1,0.2866757936507936
daisy,edge,gabor,hog,vgg,5,d1,0.2890972222222222
daisy,edge,gabor,hog,vgg,3,d1,0.2798333333333333
daisy,edge,gabor,hog,vgg,1,d1,0.244
daisy,edge,gabor,hog,res,None,d1,0.08347455731699295
daisy,edge,gabor,hog,res,300,d1,0.10267451330590376
daisy,edge,gabor,hog,res,200,d1,0.13201151336155612
daisy,edge,gabor,hog,res,100,d1,0.17577968260993868
daisy,edge,gabor,hog,res,50,d1,0.22535010292317037
daisy,edge,gabor,hog,res,30,d1,0.2536198075170241
daisy,edge,gabor,hog,res,10,d1,0.29584171471602594
daisy,edge,gabor,hog,res,5,d1,0.2916118149423103
daisy,edge,gabor,hog,res,3,d1,0.2815987091683686
daisy,edge,gabor,hog,res,1,d1,0.2447884585314926
daisy,edge,gabor,vgg,res,None,d1,0.08485757731337377
daisy,edge,gabor,vgg,res,300,d1,0.1041150369198194
daisy,edge,gabor,vgg,res,200,d1,0.13401851074517493
daisy,edge,gabor,vgg,res,100,d1,0.18122271721028568
daisy,edge,gabor,vgg,res,50,d1,0.23318257726858
daisy,edge,gabor,vgg,res,30,d1,0.25636866831718935
daisy,edge,gabor,vgg,res,10,d1,0.3061923366765291
daisy,edge,gabor,vgg,res,5,d1,0.3022806434793277
daisy,edge,gabor,vgg,res,3,d1,0.2974068030066482
daisy,edge,gabor,vgg,res,1,d1,0.2567690539594565
daisy,edge,hog,vgg,res,None,d1,0.08489802484729753
daisy,edge,hog,vgg,res,300,d1,0.10437038794413248
daisy,edge,hog,vgg,res,200,d1,0.13404201803696825
daisy,edge,hog,vgg,res,100,d1,0.18148238674520267
daisy,edge,hog,vgg,res,50,d1,0.23254700216512217
daisy,edge,hog,vgg,res,30,d1,0.2627545518878578
daisy,edge,hog,vgg,res,10,d1,0.30477920858250124
daisy,edge,hog,vgg,res,5,d1,0.3035789500746931
daisy,edge,hog,vgg,res,3,d1,0.29626782030032806
daisy,edge,hog,vgg,res,1,d1,0.2558613546755961
daisy,gabor,hog,vgg,res,None,d1,0.4708869083018227
daisy,gabor,hog,vgg,res,300,d1,0.5130233259278141
daisy,gabor,hog,vgg,res,200,d1,0.5516418936623277
daisy,gabor,hog,vgg,res,100,d1,0.6095335594257477
daisy,gabor,hog,vgg,res,50,d1,0.671775153546633
daisy,gabor,hog,vgg,res,30,d1,0.7199881339685212
daisy,gabor,hog,vgg,res,10,d1,0.8201820118182839
daisy,gabor,hog,vgg,res,5,d1,0.8526558336550789
daisy,gabor,hog,vgg,res,3,d1,0.8681813278454145
daisy,gabor,hog,vgg,res,1,d1,0.8407798177055144
edge,gabor,hog,vgg,res,None,d1,0.08469734153830842
edge,gabor,hog,vgg,res,300,d1,0.10443014979581097
edge,gabor,hog,vgg,res,200,d1,0.13384221449788836
edge,gabor,hog,vgg,res,100,d1,0.18079964427747633
edge,gabor,hog,vgg,res,50,d1,0.2291042471633743
edge,gabor,hog,vgg,res,30,d1,0.26134647310156195
edge,gabor,hog,vgg,res,10,d1,0.3006202775698196
edge,gabor,hog,vgg,res,5,d1,0.30126337081987886
edge,gabor,hog,vgg,res,3,d1,0.29200807611720925
edge,gabor,hog,vgg,res,1,d1,0.2519726690578084